3424619,Nguyen Minh,Quan,Female,11/01/1988,67518,Philippines
8439123,Nguyen Van,Son,Male,18/02/1996,43794,Philippines
5433655,Nguyen Tran Thien,Vu,Female,08/09/1982,59645,Philippines
8184031,Truong Quoc,Khanh,Female,07/05/1965,99717,Philippines
2760008,Nguyen Hoang,Anh,Female,10/12/1964,19810,Philippines
8137933,Hong,Kiet,Female,03/08/1969,43794,Philippines
5768220,Bui Anh,Minh,Female,03/06/1984,46324,Philippines
7020513,Nguyen Mai Tan,Thanh,Male,04/03/1986,46324,Philippines
1464473,Truong Duc Anh,Khoa,Male,01/01/1980,15144,Philippines
2668011,Nguyen Le Ha,Vi,Female,23/11/1982,35001,Philippines
6982280,Tran Dang Dang,Khoa,Male,29/05/1973,19810,Philippines
6007032,Kieu Thanh,Phat,Female,23/07/1963,59645,Philippines
9306304,Le Thanh,Tien,Male,08/01/1996,50214,Philippines
7975039,Luong Khanh,Vy,Female,23/03/1980,15144,Philippines
4555426,Le Quang,Huy,Male,09/09/1998,15144,Philippines
2724701,Tang Nha,Linh,Female,14/07/1979,35001,Philippines
4226345,Bui Hai,Duong,Female,02/02/1970,99717,Philippines
3060171,Tran Nguyen Duy,Bao,Male,25/05/1969,15144,Philippines
7017872,Tran Quoc,Bao,Female,03/11/1960,43794,Philippines
5032293,Nguyen Phuc Minh,Dang,Male,11/01/1977,19810,Philippines
5825537,Ngo Minh,Khoi,Male,23/10/1998,15144,Philippines
8517345,Le Thai Gia,Bao,Female,24/04/1976,43794,Philippines
2495106,Nguyen Minh,Duy,Female,02/07/1990,50214,Philippines
2625134,Nguyen Quoc,Huy,Female,18/07/1968,46324,Philippines
8320868,Nguyen Duy,Trung,Male,04/08/1964,43794,Philippines
8623047,Nguyen Tan,An,Female,07/02/1972,46324,Philippines
2212090,Nguyen The,Anh,Male,15/08/1976,50214,Philippines
3621644,Lam Son,Binh,Male,18/08/1984,99717,Philippines
2936629,Nguyen Minh,Phu,Male,15/12/1982,67518,Philippines
1141428,Nguyen Thi Hong,Gam,Female,15/12/1990,50214,Philippines
2881752,Le Thi Xuan,Ngan,Male,26/06/1963,46324,Philippines
8132643,Dinh Hoang,Phuc,Male,11/04/1984,19810,Philippines
5944613,Nguyen Thanh Nhat,Tan,Female,22/01/1980,59645,Philippines
8250782,Le Nhu,Binh,Female,01/06/1995,67518,Philippines
2711448,Nguyen Van,Hao,Female,01/02/1984,67518,Philippines
5995061,Nguyen Nhut,Thanh,Female,11/05/1986,46324,Philippines
7114840,Nguyen Nang Hoang,Truc,Male,16/05/1975,15144,Philippines
4234155,Pham Tien,Dat,Male,11/09/1970,67518,Philippines
7863347,Le Nguyen Anh,Duy,Female,01/04/1974,59645,Philippines
1774421,Dang Viet,Trung,Female,24/07/1960,46324,Philippines
6401094,Truong Thanh,Huy,Female,07/09/1978,46324,Philippines
8238495,Dang Quoc,Loc,Male,16/08/1974,99717,Philippines
6564023,Hoang Tran Thien,Huong,Female,16/07/1989,15144,Philippines
1112820,Ho Sy,Nhat,Male,10/11/1970,99717,Philippines
3371721,Tran Thi Thanh,Truc,Female,13/02/1999,35001,Philippines
3059348,Nguyen Vu,Tuong,Male,14/10/1974,67518,Philippines
1784832,Do Tran Anh,Vinh,Female,04/02/1989,35001,Philippines
5577076,Pham Hoang Trung,Kien,Female,10/08/1961,67518,Philippines
7167709,Do Van,Kiet,Female,25/07/1961,19810,Philippines
5348733,Hoang Duc,Minh,Male,30/05/1964,59645,Philippines
